Gene,Ref,Pos,Mut,name,2020-01,2020-02,2020-03,2020-04,2020-05,2020-06,2020-07,2020-08,2020-09,2020-10,2020-11,2020-12,2021-01,2021-02,2021-03,2021-04,2021-05,2021-06,2021-07
S,D,614,G,S:D614G,5,22,71,87,92,96,98,99,99,99,99,99,99,98,98,99,99,99,100
S,N,501,Y,S:N501Y,,0.07,0.02,0.05,0.07,0.1,0.1,0.1,0.4,0.9,3,16,35,53,71,78,75,30,40
S,P,681,H,S:P681H,,0.07,0.03,0.06,0.06,0.08,0.3,0.8,0.7,0.9,4,17,36,54,69,74,71,28,36
S,,69,del,S:DEL69/70,,0.07,0.03,0.05,0.09,0.03,0.1,1,3,4,6,18,36,52,67,72,68,27,36
S,A,570,D,S:A570D,,0.07,0.02,0.05,0.06,0,0.08,0.3,0.02,0.1,3,15,33,50,67,72,69,27,36
S,T,716,I,S:T716I,,0.07,0.04,0.09,0.1,0.05,0.1,0.10,0.05,0.2,3,15,34,50,67,72,69,26,36
S,,144,del,S:DEL144/145,0.4,0.1,0.1,0.2,0.2,0.2,0.2,0.2,0.1,0.4,3,15,33,50,67,72,67,25,35
S,D,1118,H,S:D1118H,,0.07,0.02,0.04,0.06,0,0.1,0.08,0.02,0.1,3,15,33,48,65,72,69,27,36
S,S,982,A,S:S982A,,0.07,0.02,0.04,0.06,0,0.1,0.6,0.02,0.1,3,15,33,48,65,71,69,26,36
S,L,452,R,S:L452R,,,0,0.05,0,0.01,0.07,0.02,0.06,0.10,0.5,2,5,6,6,6,15,65,59
S,A,222,V,S:A222V,,0.4,0.08,0.07,0.1,0.4,0.7,6,25,39,34,27,14,8,2,0.9,2,7,4
S,T,478,K,S:T478K,,,,0.04,0,0.02,0,0.01,0.01,0,0.05,0.2,0.7,2,2,3,14,65,60
S,L,18,F,S:L18F,,0.4,0.09,0.2,0.2,0.5,0.2,2,9,16,15,12,7,6,5,7,7,3,3
S,E,484,K,S:E484K,,0.2,0.01,0.01,0.04,0.02,0.04,0.09,0.4,0.6,0.9,2,3,5,9,12,10,5,3
S,P,681,R,S:P681R,,,0,0,0,0.03,0,0.01,0.02,0.05,0.2,0.4,0.5,0.6,1,3,14,66,60
S,T,19,R,S:T19R,,,,,,,0.05,0,0.02,0,0.01,0,0.01,0.04,0.2,2,13,65,59
S,D,950,N,S:D950N,,,0,0,0.01,0.01,0.01,0.02,0,0,0,0.01,0.01,0.03,0.1,2,13,64,45
S,,157,del,S:DEL157/158,,,,,,,,,0,0,0,0,0,0.01,0.06,1,12,61,57
S,T,95,I,S:T95I,,0.1,0.08,0.10,0.2,0.2,0.2,0.2,0.2,0.2,0.3,0.4,0.6,1,3,6,9,31,20
S,L,5,F,S:L5F,,1,0.5,0.8,1,1,1.0,2,2,2,2,2,3,4,5,7,5,2,1
S,G,142,D,S:G142D,,,0.01,0.01,0,0,0,0,0.01,0.2,0,0,0.01,0.1,0.3,1,9,34,29
S,S,477,N,S:S477N,,0.07,0.01,0.1,0.2,1,17,11,6,6,6,5,4,3,2,2,1,0.4,0
S,V,1176,F,S:V1176F,,,0.3,0.8,0.5,0.6,0.6,0.5,0.4,0.5,0.6,0.9,1,2,3,5,6,3,3
S,A,701,V,S:A701V,,0.08,0.01,0.01,0.09,0.3,0.07,0.04,0.4,0.5,0.8,1,2,3,4,5,3,1,0
S,D,138,Y,S:D138Y,0.6,0.6,0,0.04,0.2,0.3,0.2,0.2,0.3,0.3,0.4,1.0,1,1,3,5,6,3,3
S,P,26,S,S:P26S,,,0.02,0.04,0.07,0.09,0.09,0.07,0.04,0.2,0.4,0.5,0.9,1,3,6,6,3,3
S,H,655,Y,S:H655Y,0.3,0.2,0.03,0.07,0.09,0.08,0.1,0.2,0.5,0.6,0.6,0.3,0.4,1,2,6,6,3,3
S,T,1027,I,S:T1027I,,,0.02,0.05,0.03,0.01,0.01,0.02,0.05,0.05,0.05,0.2,0.3,0.8,2,5,7,4,3
S,T,20,N,S:T20N,,,0,0,0,0,0,0,0,0,0,0.1,0.2,0.8,2,5,6,3,3
S,K,417,T,S:K417T,,,,0,0,0,0,0,0,0,0,0.1,0.2,0.8,2,5,6,3,3
S,S,13,I,S:S13I,,,0,0.03,0.04,0.01,0.08,0.04,0.05,0.07,0.4,2,4,5,4,2,0.6,0.1,0
S,R,190,S,S:R190S,,,0,0,0.01,0,0,0,0,0,0,0.1,0.3,0.8,2,5,6,3,3
S,W,152,C,S:W152C,,,,0,0,0,0.01,0,0.04,0.04,0.4,2,4,4,4,2,0.5,0.07,0
S,D,253,G,S:D253G,,,0,0.1,2,0.8,0.4,0.3,0.07,0.09,0.1,0.2,0.3,1.0,3,4,2,0.6,0
S,S,98,F,S:S98F,0.6,0.2,0.04,0.08,0.1,0.1,0.2,0.9,2,2,2,2,2,2,1,2,2,0.9,1
S,K,1191,N,S:K1191N,,,0.03,0.07,0.05,0.06,0.07,0.04,0.07,0.09,0.2,0.2,0.3,0.7,2,4,3,0.6,0
S,S,929,S,S:S929S,,,,0,0.04,0,0.01,0,0.02,0.02,0.3,1,3,3,3,2,0.4,0.05,0
S,Q,677,H,S:Q677H,,0.07,0.04,0.1,0.2,0.4,0.3,0.5,0.7,0.7,1,2,2,2,2,1,1.0,0.6,0
S,N,439,K,S:N439K,,,0.2,0.6,0.5,0.07,0.2,2,3,3,3,4,3,3,1,0.3,0.2,0.04,0
S,D,80,A,S:D80A,,0.08,0.01,0.02,0.01,0,0,0.05,0.3,0.4,0.6,1,2,2,2,2,1,0.7,0
S,D,215,G,S:D215G,0.3,0.1,0,0,0.2,0.01,0,0.05,0.2,0.3,0.5,1,1,2,2,2,1,0.7,0
S,K,417,N,S:K417N,,0.2,0,0,0,0,0,0.06,0.3,0.4,0.6,1,1,2,2,2,1,0.8,0
S,T,732,A,S:T732A,,,,0.02,0.10,0.3,0.2,0.2,0.2,0.3,0.5,0.7,1,2,2,2,1.0,0.3,0
S,,241,del,S:DEL241/243,,0.2,0.02,0.02,0.02,0.01,0,0,0.3,0.2,0.5,1.0,1,2,2,1,1,0.5,0
S,A,924,A,S:A924A,,,0.01,0,0.02,0.03,0.05,0.04,3,8,7,4,1,0.4,0.1,0.09,0.10,0.02,0
S,T,1116,T,S:T1116T,,,,0,0,0.01,0,1,2,3,3,3,2,2,0.7,0.2,0.2,0.1,0
S,D,294,D,S:D294D,,0.4,0.06,0.2,0.8,2,1,2,4,3,4,3,2,0.9,0.3,0.1,0.1,0.04,0
S,T,723,T,S:T723T,,,2,3,4,4,3,2,2,1,0.8,0.7,0.5,0.4,0.4,0.8,0.9,0.5,0
S,Q,675,H,S:Q675H,,0.09,0.2,0.06,0.2,0.1,0.1,0.2,0.3,0.4,1,2,2,1,1,0.7,0.3,0.1,0
S,W,152,R,S:W152R,,0.08,0,0,0,0.02,0.03,0.03,0.03,0.04,0.04,0.10,0.09,0.3,1.0,1.0,3,1,0
S,G,769,V,S:G769V,,0.2,0.04,0.1,0.2,0.3,0.2,0.2,0.6,0.2,0.3,0.3,0.6,0.6,1,1,0.4,0.07,0
S,T,859,N,S:T859N,,,,,,,,,0.1,0.2,0.1,0.06,0.1,0.3,0.9,1,1,0.4,0
S,A,262,S,S:A262S,,0.1,0.01,0.05,0.03,0.09,0.08,0.5,1,2,2,1,1,0.9,0.3,0.2,0.1,0.04,0
S,Q,613,Q,S:Q613Q,,,0,0,0.09,1,19,13,2,0.10,0.01,0.02,0.01,0,0,0,0,0.01,0
S,W,152,L,S:W152L,,0.2,0,0.04,0.06,0.03,0.07,0.09,0.04,0.03,0.07,0.09,0.3,0.5,1,1,0.5,0.09,0
S,D,138,H,S:D138H,,0.07,0.03,0.08,0.04,0.03,0.08,0.03,0.05,0.2,0.2,0.2,0.4,0.3,0.6,1.0,1.0,0.7,3
S,G,838,G,S:G838G,,,0.03,0.2,0.6,0.7,1,1,1,1,2,1,1,0.8,0.2,0.04,0,0,0
S,F,157,S,S:F157S,,,0,0,0,0,0,0,0,0,0,0.03,0.1,0.3,0.9,1,0.9,0.3,0
S,I,231,I,S:I231I,,,0.02,0,0,0.3,0.5,0.8,0.4,0.7,1,2,2,0.8,0.3,0.05,0,0,0
S,Q,957,R,S:Q957R,,,,,0.02,0,0,0,0,0,0,0,0.07,0.2,0.7,1,0.9,0.2,0
S,D,950,H,S:D950H,,,0,0,0,0,0,0,0,0.01,0,0.02,0.10,0.2,0.7,1,0.8,0.2,0
S,D,80,G,S:D80G,,,,0,0,0,0,0,0,0,0,0.02,0.10,0.2,0.8,1,0.8,0.3,0
S,A,67,V,S:A67V,,,0.02,0.05,0.03,0.03,0.04,0.03,0.07,0.10,0.09,0.2,0.3,0.5,0.8,0.8,0.5,0.2,0
S,S,494,P,S:S494P,,,0.02,0.01,0.01,0.03,0.02,0.1,0.06,0.05,0.1,0.4,0.5,0.5,0.7,0.7,0.4,0.2,0
S,N,606,N,S:N606N,,,0.02,0.02,0.01,0.02,0.03,0.02,0.05,0.04,0.03,0.06,0.04,0.1,0.7,1,0.5,0.08,0
S,P,272,L,S:P272L,,,0,0,0.01,0.01,0.01,0.3,1,2,2,1,0.8,0.7,0.2,0.07,0.02,0.01,0
S,M,153,T,S:M153T,,0.1,0.02,0.02,0.03,0.6,2,3,1,0.7,0.8,0.9,0.7,0.4,0.2,0.1,0.06,0.03,0
S,L,189,F,S:L189F,,,,0,0,0,0,0.07,0.2,0.3,0.3,0.4,0.9,1,0.5,0.2,0.03,0.01,0
S,L,276,L,S:L276L,,,0,0.05,0.05,0.1,0.2,2,3,2,1,0.4,0.3,0.2,0.2,0.2,0.2,0.1,0
S,V,772,I,S:V772I,,,0,0,0,0,0,0.08,0.2,0.3,0.3,0.4,0.9,1,0.5,0.2,0.04,0,0
S,S,12,F,S:S12F,,,0.06,0.03,0.05,0.1,3,1,0.4,0.2,0.4,0.5,0.4,0.2,0.3,0.4,0.5,0.3,0
S,F,543,F,S:F543F,,0.4,0.09,0.10,0.3,0.9,0.5,0.3,0.3,0.5,0.3,0.4,0.4,0.4,0.4,0.5,0.3,0.1,0
S,T,531,T,S:T531T,,,0.02,0,0,0,0,0,0,0,0.03,0.1,0.5,0.7,0.7,0.5,0.1,0.04,0
S,T,1238,T,S:T1238T,,,0.01,0.06,0.07,0.05,0.2,0.09,0.05,0.04,0.08,0.2,0.2,0.3,0.5,0.7,0.6,0.4,0
S,F,1062,F,S:F1062F,,,0.02,0.03,0.1,0.02,0.01,0.03,0.02,0.04,0.04,0.04,0.2,0.4,0.7,0.7,0.4,0.2,0
S,P,25,P,S:P25P,,,0.01,0.03,0.05,1,0.3,1.0,3,2,1.0,0.3,0.1,0.10,0.1,0.2,0.3,0.4,0
S,A,688,V,S:A688V,,0.2,0.03,0.03,0.1,0.3,0.5,0.4,0.6,0.5,0.5,0.3,0.2,0.2,0.2,0.6,0.6,0.3,0
S,T,302,T,S:T302T,,,0.4,0.3,0.4,0.3,0.1,0.2,0.3,0.2,0.09,0.2,0.4,0.4,0.5,0.5,0.4,0.3,0
S,F,562,F,S:F562F,,,0.04,0.07,0.1,0.06,0.2,0.3,0.2,0.4,0.8,0.6,0.4,0.4,0.3,0.3,0.4,0.2,0
S,A,475,A,S:A475A,,,0.02,0.06,0.07,0.10,0.2,0.1,0.1,0.3,0.4,0.5,0.4,0.3,0.3,0.4,0.5,0.4,0
S,S,939,F,S:S939F,,0.3,0.05,0.1,0.4,0.2,0.1,0.1,0.2,0.2,0.3,0.7,0.5,0.3,0.3,0.3,0.4,0.5,0
S,E,583,D,S:E583D,,,0.04,0.06,0.5,0.3,0.2,0.2,0.5,1,1,0.7,0.2,0.2,0.2,0.3,0.3,0.2,0
S,T,732,T,S:T732T,,,0.03,0.02,0.05,0.03,0.04,0.04,0.07,0.08,0.7,0.9,0.5,0.3,0.3,0.3,0.2,0.5,0
S,V,83,V,S:V83V,,,0.03,0.03,0.07,0.05,0.09,0.1,0.2,0.2,0.5,0.7,0.8,0.6,0.3,0.2,0.09,0.05,0
S,S,940,S,S:S940S,,0.3,0.03,0.04,0.1,0.07,0.06,0.09,0.1,0.09,0.3,0.3,0.2,0.2,0.4,0.5,0.5,0.3,1
S,A,845,S,S:A845S,,,0.09,0.04,0.09,0.07,0.10,0.1,0.09,0.2,0.2,0.2,0.3,0.4,0.4,0.5,0.5,0.2,1
S,I,410,I,S:I410I,,,0.01,0,0,0.02,0.02,0,0.04,0.01,0.02,0.03,0.08,0.10,0.1,0.1,0.7,3,0
S,F,888,L,S:F888L,,,0,0,0,0.01,0,0,0,0,0,0.02,0.1,0.3,0.7,0.6,0.3,0.1,0
S,T,20,I,S:T20I,,,0.05,0.04,0.08,0.1,0.09,0.2,0.2,0.4,0.4,0.5,0.6,0.4,0.3,0.3,0.3,0.2,0
S,V,1122,V,S:V1122V,,,0.02,0.02,0.02,0.03,0.5,0.09,0.2,0.09,0.10,0.09,0.07,0.07,0.06,0.09,0.7,3,0
S,T,572,I,S:T572I,,,0.06,0.07,0.2,0.09,0.10,0.1,0.09,0.1,0.1,0.2,0.3,0.3,0.4,0.4,0.6,0.3,0
S,I,692,I,S:I692I,,,0.02,0.04,0.05,0.1,0.2,0.1,0.08,0.2,0.2,0.2,0.3,0.3,0.5,0.3,0.4,0.1,0
S,D,1084,D,S:D1084D,,,0,0,0,0,0,0.01,0.2,0.3,0.8,2,1,0.2,0.05,0.01,0.01,0,0
S,Q,52,R,S:Q52R,,,,,0,0,0,0,0,0,0,0.05,0.1,0.3,0.6,0.6,0.3,0.1,0
S,F,490,S,S:F490S,,,,0.03,0,0,0,0.02,0.03,0.03,0.02,0.03,0.08,0.1,0.3,0.6,0.7,0.3,0
S,L,849,L,S:L849L,,,,,,0,0,0,0,0.02,0.01,0.04,0.1,0.3,0.4,0.4,0.6,0.3,0
S,I,1114,I,S:I1114I,,0.7,0.05,0.1,0.2,0.4,0.1,0.4,0.4,0.5,0.5,0.3,0.3,0.2,0.2,0.3,0.3,0.2,0
S,L,176,F,S:L176F,,0.1,0.05,0.05,0.04,0.10,0.09,0.2,0.2,0.6,0.6,0.3,0.2,0.2,0.4,0.4,0.2,0.07,0
S,N,1178,N,S:N1178N,,,0.04,0.08,0.03,0.03,0.1,0.2,0.2,0.2,0.3,0.3,0.3,0.3,0.3,0.4,0.3,0.3,2
S,T,345,T,S:T345T,,,,0,0,0,0,0.05,0,0.02,0.03,0.1,0.4,0.6,0.5,0.3,0.1,0.03,0
S,L,54,F,S:L54F,0.6,0,0.2,0.5,0.4,2,0.3,0.3,0.3,0.4,0.6,0.6,0.5,0.3,0.1,0.1,0.1,0.04,0
S,E,484,Q,S:E484Q,,,0.01,0.02,0.05,0.02,0.01,0,0.02,0.03,0.02,0.04,0.07,0.2,0.5,0.6,0.2,0.1,0
S,T,20,T,S:T20T,,0.08,0.03,0.07,0.2,0.1,0.2,0.3,0.2,0.2,0.2,0.2,0.3,0.3,0.3,0.2,0.3,0.7,0
S,Y,789,Y,S:Y789Y,,0.6,0.8,2,2,0.9,0.5,0.2,0.07,0.10,0.1,0.1,0.1,0.3,0.2,0.2,0.2,0.3,0
S,L,821,L,S:L821L,2,0.1,0.02,0.07,0.10,0.09,0.08,0.1,0.08,0.09,0.1,0.2,0.2,0.2,0.2,0.4,0.5,0.4,0
S,V,1061,V,S:V1061V,,,0.07,0,0,0.01,0.07,0.06,0.01,0.01,0.01,0.01,0.08,0.07,0.1,0.6,0.7,0.7,10
S,W,258,L,S:W258L,,,0.03,0.08,0.06,0.07,0.07,0.06,0.06,0.03,0.03,0.1,0.3,0.5,0.4,0.3,0.2,0.1,0
S,F,32,F,S:F32F,,0.5,0.03,0.06,0.1,0.05,0.03,0.05,0.10,0.09,0.1,0.1,0.2,0.2,0.3,0.4,0.4,0.2,0
S,L,699,L,S:L699L,,,0,0.01,0,0,0,0,0,0,0,0,0,0,0.08,0.6,0.9,0.2,0
S,V,622,F,S:V622F,,0.1,0.02,0.1,0.05,0.06,0.05,0.2,0.6,0.2,0.1,0.1,0.3,0.4,0.4,0.2,0.1,0.07,0
S,H,49,Y,S:H49Y,6,1.0,0.08,0.1,0.2,0.6,0.8,0.3,0.4,0.3,0.3,0.3,0.3,0.3,0.2,0.2,0.2,0.08,0
S,D,80,Y,S:D80Y,,,0.03,0.05,0.06,0.1,0.2,1,0.9,0.9,0.8,0.5,0.2,0.2,0.1,0.1,0.1,0.04,0
S,D,53,D,S:D53D,,,0.03,0.05,0.1,0.2,0.3,0.3,0.1,0.1,0.1,0.2,0.1,0.2,0.3,0.5,0.3,0.07,0
S,A,653,V,S:A653V,,,0.02,0.02,0.04,0.07,0.04,0.01,0.03,0.02,0.05,0.08,0.2,0.3,0.4,0.3,0.2,0.1,0
S,V,1228,L,S:V1228L,,0.2,0.01,0.03,0.2,0.2,0.2,0.2,0.1,0.2,0.2,0.3,0.4,0.3,0.2,0.2,0.2,0.2,0
S,D,111,D,S:D111D,,,0,0,0,0,0,0,0,0,0,0.02,0.06,0.2,0.4,0.6,0.2,0.08,0
S,G,1219,V,S:G1219V,,,0.03,0.1,0.05,0.02,0.04,0.05,0.08,0.2,0.1,0.1,0.1,0.2,0.2,0.5,0.4,0.2,0
S,F,55,F,S:F55F,,,0.03,0,0.03,0.07,0.07,0.3,0.2,0.1,0.3,0.3,0.3,0.2,0.3,0.2,0.2,0.1,0
S,V,1264,L,S:V1264L,,,0.03,0.03,0.03,0.10,0.07,0.06,0.08,0.1,0.08,0.2,0.2,0.2,0.2,0.2,0.4,0.7,1
S,N,657,N,S:N657N,,0.06,0.02,0.03,0.04,0.01,0.03,0.1,0.1,0.2,0.5,0.4,0.5,0.4,0.2,0.1,0.08,0.02,0
S,S,691,S,S:S691S,,,0.05,0.07,0.1,0.4,0.2,0.1,0.08,0.1,0.2,0.2,0.3,0.2,0.2,0.3,0.3,0.2,0
S,S,221,S,S:S221S,,0.4,0.05,0.09,0.4,0.5,0.2,0.2,0.2,0.2,0.2,0.3,0.2,0.2,0.2,0.2,0.2,0.2,0
S,A,520,S,S:A520S,,,0.02,0.01,0.09,1,0.3,0.4,0.4,0.1,0.3,0.3,0.4,0.3,0.2,0.1,0.1,0.10,0
S,L,461,L,S:L461L,,,,0.01,0,0,0,0,0,0,0,0,0,0,0.09,0.5,0.7,0.3,0
S,A,1078,S,S:A1078S,,,0.07,0.07,0.1,0.2,0.2,0.1,0.1,0.2,0.3,0.4,0.5,0.4,0.2,0.1,0.1,0.05,0
S,E,780,Q,S:E780Q,,,0,0,0,0.04,0.04,0.08,1,0.2,0.4,0.7,0.4,0.3,0.2,0.06,0.02,0.01,0
S,D,290,D,S:D290D,,,0.02,0.03,0.05,0.03,0.04,0.08,0.1,0.1,0.09,0.2,0.4,0.4,0.2,0.2,0.2,0.07,0
S,D,1163,Y,S:D1163Y,,,0.03,0.05,0.03,0.07,0.2,0.4,2,1,0.6,0.4,0.3,0.2,0.08,0.06,0.05,0.03,0
S,N,824,N,S:N824N,1,0.9,1,0.7,0.5,0.2,0.2,0.3,0.2,0.05,0.06,0.10,0.1,0.2,0.1,0.1,0.3,0.3,0
S,L,296,L,S:L296L,,,0.2,0.09,0.2,0.4,0.5,0.4,0.1,0.10,0.2,0.2,0.3,0.2,0.2,0.2,0.2,0.10,0
S,H,146,H,S:H146H,,,0.05,0.06,0.06,0.04,0.07,0.1,0.1,0.1,0.1,0.3,0.3,0.2,0.3,0.2,0.2,0.05,0
S,C,432,C,S:C432C,,0.1,0.05,0.06,0.1,0.2,0.08,0.3,0.2,0.1,0.2,0.2,0.2,0.2,0.2,0.2,0.3,0.2,0
S,N,856,N,S:N856N,,0.3,0.02,0.06,0.09,0.1,0.2,0.1,0.10,0.2,0.2,0.3,0.2,0.3,0.2,0.2,0.3,0.2,0
S,D,178,H,S:D178H,,,,,,,0.02,0.02,0.01,0,0,0,0,0,0.1,0.6,0.6,0.2,0
S,G,75,V,S:G75V,,,0,0.03,0.1,0.08,0.2,0.09,0.09,0.08,0.1,0.08,0.2,0.2,0.2,0.3,0.4,0.3,0
S,D,1146,D,S:D1146D,,0.09,0.02,0.04,0.09,0.07,0.1,0.2,0.4,0.4,0.4,0.4,0.3,0.2,0.1,0.2,0.2,0.05,0
S,I,587,I,S:I587I,,,,0.01,0,0.01,0,0,0,0,0.03,0.3,0.4,0.3,0.3,0.2,0.1,0.04,0
S,D,796,H,S:D796H,,,0,0,0.01,0.02,0.01,0.03,0.02,0,0.06,0.05,0.06,0.08,0.2,0.4,0.4,0.2,0
S,A,163,A,S:A163A,,,0.02,0,0.02,0.02,0.01,0.01,0.3,0.5,0.6,0.6,0.2,0.1,0.04,0.03,0.1,1.0,0
S,Y,1215,Y,S:Y1215Y,,0.2,0.05,0.04,0.1,0.1,0.2,0.2,0.2,0.4,0.4,0.3,0.3,0.2,0.1,0.1,0.1,0.2,0
S,Q,1071,H,S:Q1071H,,,0,0,0,0.01,0,0,0,0,0,0,0.01,0.2,0.3,0.5,0.2,0.06,0
S,Q,677,P,S:Q677P,,,,0,0,0,0,0.02,0,0.03,0.1,0.5,0.5,0.4,0.2,0.07,0,0.01,0
S,A,575,A,S:A575A,0.3,0,0.02,0.05,0.03,0,0.03,0.01,0.03,0.02,0.04,0.04,0.04,0.08,0.2,0.4,0.4,0.2,0
S,T,76,I,S:T76I,,,0.05,0.05,0.05,0.08,0.1,0.2,0.1,0.06,0.05,0.08,0.1,0.1,0.2,0.3,0.4,0.2,0
S,F,306,F,S:F306F,,0.3,0.01,0.02,0.01,0.2,3,1,0.2,0.1,0.2,0.1,0.2,0.2,0.1,0.08,0.1,0.07,0
S,F,1148,F,S:F1148F,,0.06,0.02,0.02,0.1,0.05,0.08,0.2,0.3,0.2,0.1,0.1,0.3,0.3,0.2,0.2,0.2,0.10,0
S,N,440,K,S:N440K,,,,0.02,0,0.01,0.01,0.04,0.08,0.07,0.08,0.2,0.2,0.2,0.2,0.2,0.3,0.4,0
S,D,936,Y,S:D936Y,,,0.5,1,1,0.3,0.2,0.3,0.1,0.1,0.1,0.2,0.2,0.2,0.09,0.07,0.2,0.08,0
S,Y,707,Y,S:Y707Y,,,0.02,0.03,0.07,0.08,0.2,0.08,0.08,0.2,0.2,0.3,0.3,0.2,0.2,0.1,0.1,0.1,0
S,Q,613,H,S:Q613H,,,0.03,0.06,0.07,0.09,0.06,0.1,0.1,0.2,0.3,0.4,0.3,0.2,0.2,0.2,0.1,0.1,0
S,N,354,N,S:N354N,,,0,0.04,0.05,0.08,0.05,0.05,0.08,0.2,0.2,0.1,0.2,0.1,0.1,0.1,0.4,0.5,0
S,V,11,V,S:V11V,,,0.03,0.01,0.07,0.05,0.1,0.09,0.05,0.07,0.1,0.2,0.1,0.2,0.2,0.2,0.2,0.3,0
S,S,640,F,S:S640F,,,0.01,0.04,0.09,0.3,0.3,0.2,0.07,0.06,0.1,0.2,0.2,0.2,0.2,0.2,0.2,0.1,1
S,A,522,S,S:A522S,,0.1,0.01,0.03,0.05,0.02,0.01,0.04,0.3,0.06,0.07,0.1,0.2,0.3,0.3,0.2,0.1,0.06,0
S,R,683,R,S:R683R,,,0.03,0.01,0.08,0.06,0.08,0.08,0.09,0.1,0.1,0.2,0.2,0.2,0.1,0.2,0.3,0.2,0
S,A,27,S,S:A27S,,,0.05,0.04,0.04,0.08,0.10,0.07,0.10,0.2,0.07,0.10,0.10,0.1,0.3,0.2,0.2,0.2,0
S,Y,200,Y,S:Y200Y,,,0.03,0,0.02,0.6,1,0.9,0.8,0.6,0.9,0.3,0.2,0.09,0.02,0.01,0.01,0.01,0
S,G,1219,C,S:G1219C,0.6,0,0.2,0.2,0.4,0.2,0.08,0.09,0.06,0.07,0.3,0.3,0.2,0.2,0.1,0.1,0.2,0.1,0
S,N,764,N,S:N764N,,,0.01,0.04,0.02,0.07,0.04,0.03,0.04,0.08,0.1,0.10,0.1,0.3,0.2,0.2,0.2,0.08,0
S,E,154,K,S:E154K,,,0,0,0,0,0,0,0,0,0,0.01,0.02,0.1,0.3,0.4,0.1,0.04,0
S,S,94,F,S:S94F,,,0,0,0,0,0,0,0,0,0.01,0.02,0.04,0.06,0.2,0.4,0.4,0.2,0
S,N,501,T,S:N501T,,,0,0,0.01,0,0,0.07,0.05,0.2,0.09,0.4,0.4,0.4,0.2,0.06,0.06,0.04,1
S,Y,508,Y,S:Y508Y,,0.4,0.09,0.08,0.06,0.2,0.1,0.09,0.07,0.1,0.2,0.1,0.2,0.2,0.2,0.2,0.2,0.1,0
S,N,960,N,S:N960N,,,0.03,0.05,0.04,0.03,0.03,0.05,0.05,0.06,0.1,0.1,0.09,0.1,0.1,0.3,0.3,0.1,0
S,P,665,P,S:P665P,,,0.04,0.01,0.02,0.6,0.7,0.3,0.3,0.3,0.3,0.2,0.1,0.2,0.1,0.1,0.1,0.1,0
S,S,221,L,S:S221L,,,0.05,0.1,0.08,0.03,0.05,0.05,0.04,0.04,0.1,0.1,0.06,0.1,0.2,0.3,0.2,0.1,0
S,S,1252,F,S:S1252F,0.7,0.06,0,0,0.04,0.04,0,0.04,0.09,0.3,0.2,0.2,0.2,0.2,0.1,0.2,0.09,0.2,2
S,D,936,D,S:D936D,0.5,0.06,0.03,0.03,0.09,0.1,0.1,0.08,0.08,0.08,0.2,0.2,0.1,0.1,0.2,0.2,0.1,0.10,0
S,P,1162,S,S:P1162S,,0.07,0.02,0.02,0.06,0.1,0.09,0.06,0.08,0.06,0.2,0.2,0.2,0.1,0.1,0.1,0.2,0.5,2
S,N,234,N,S:N234N,,,0.03,0.04,0,0.06,0.06,0.1,0.4,0.3,0.3,0.2,0.2,0.2,0.1,0.1,0.1,0.08,0
S,I,312,I,S:I312I,,,0.01,0.02,0.08,0.2,0.10,0.08,0.02,0.1,0.2,0.2,0.2,0.1,0.1,0.2,0.2,0.1,0
S,G,181,V,S:G181V,,0.2,0,0.04,0.01,0.03,0.03,0.07,0.3,0.4,0.2,0.2,0.1,0.1,0.1,0.1,0.1,0.2,0
S,T,22,I,S:T22I,,0.06,0.05,0.04,0.1,0.06,0.06,0.06,0.08,0.06,0.1,0.2,0.2,0.1,0.2,0.2,0.1,0.2,0
S,P,812,S,S:P812S,,,0.02,0.02,0.03,0.07,0.02,0.02,0.1,0.2,0.05,0.3,0.3,0.2,0.1,0.1,0.1,0.07,0
S,L,216,F,S:L216F,,,0,0.04,0.02,0.2,0.04,0.01,0,0.04,0.02,0.03,0.1,0.08,0.06,0.09,0.5,0.5,0
S,R,682,R,S:R682R,,,0.03,0.04,0.2,0.07,0.04,0.06,0.1,0.2,0.2,0.2,0.2,0.2,0.1,0.1,0.2,0.2,0
S,A,1020,S,S:A1020S,,,0.01,0.03,0.04,0.04,0.1,0.3,0.2,0.2,0.3,0.4,0.2,0.1,0.09,0.07,0.1,0.10,1
S,R,21,I,S:R21I,,,0.1,0.4,0.7,1,0.7,0.4,0.4,0.4,0.2,0.06,0.03,0.02,0.03,0.1,0.1,0.06,0
S,T,791,I,S:T791I,,0.7,0.02,0.02,0,0.01,0.02,0.01,0,0.03,0,0.03,0.04,0.07,0.2,0.3,0.2,0.1,0
S,F,157,L,S:F157L,,0.1,0,0,0,0.03,0,0.1,0.1,0.1,0.2,0.2,0.2,0.2,0.1,0.2,0.1,0.04,0
S,A,899,S,S:A899S,,,0,0.01,0.02,0,0,0.03,0,0.01,0.01,0.03,0.06,0.1,0.2,0.2,0.3,0.3,0
S,M,1229,I,S:M1229I,,,0.04,0.04,0.09,0.09,0.2,0.2,0.1,0.1,0.2,0.1,0.1,0.1,0.2,0.2,0.1,0.05,0
S,P,1263,L,S:P1263L,,2,0.7,0.6,0.4,0.3,0.09,0.07,0.06,0.03,0.05,0.07,0.1,0.1,0.1,0.1,0.1,0.07,0
S,S,704,L,S:S704L,,0.3,0.01,0.01,0.01,0.02,0.02,0,0.02,0.07,0.05,0.07,0.06,0.1,0.2,0.2,0.3,0.1,0
S,N,99,N,S:N99N,,0.06,0.02,0.04,0.03,0.2,0.10,0.1,0.1,0.1,0.08,0.1,0.2,0.2,0.1,0.1,0.1,0.09,0
S,P,809,S,S:P809S,,,0,0.02,0.04,0.02,0.1,0.05,0.06,0.05,0.4,0.1,0.1,0.08,0.2,0.1,0.2,0.09,0
S,G,1167,V,S:G1167V,,,0.02,0.03,0.03,0.03,0.05,0.2,2,1,0.5,0.3,0.07,0.06,0.02,0.01,0.03,0.02,0
S,M,153,I,S:M153I,,0.1,0.03,0.04,0.2,0.2,0.2,0.4,0.2,0.2,0.3,0.2,0.2,0.1,0.1,0.10,0.1,0.05,0
S,H,245,Y,S:H245Y,,,0.04,0.2,0.8,0.2,0.07,0.03,0.03,0.04,0.05,0.07,0.1,0.08,0.1,0.1,0.2,0.1,2
S,V,1104,L,S:V1104L,,0.07,0.02,0.04,0.1,0.1,0.10,0.2,0.09,0.2,0.2,0.2,0.1,0.09,0.08,0.08,0.2,0.4,0
S,S,255,F,S:S255F,,,0.04,0.1,0.03,0.05,0.03,0.2,0.3,0.4,0.3,0.2,0.10,0.08,0.1,0.1,0.1,0.05,0
S,V,130,V,S:V130V,,,0.03,0.04,0.08,0.4,0.07,0.09,0.2,0.2,0.3,0.2,0.2,0.1,0.1,0.1,0.1,0.03,0
S,Q,675,R,S:Q675R,,,0.03,0.03,0.2,0.4,0.2,0.10,0.05,0.1,0.1,0.1,0.2,0.3,0.2,0.05,0.02,0.01,0
S,F,43,F,S:F43F,,,0.03,0.08,0.1,0.07,0.04,0.08,0.03,0.06,0.08,0.2,0.2,0.2,0.2,0.1,0.07,0.06,0
S,M,1237,I,S:M1237I,,,0.05,0.03,0.06,0.08,0.03,0.1,0.09,0.2,0.1,0.1,0.1,0.1,0.1,0.1,0.1,0.1,0
S,G,1124,V,S:G1124V,,,0.1,0.05,0.05,0.06,0.2,0.05,0.03,0.07,0.09,0.05,0.07,0.05,0.03,0.03,0.5,0.6,0
S,S,1147,S,S:S1147S,,,,0,0,0,0.04,0,0,0.01,0,0.03,0.06,0.02,0,0.03,0.2,2,0
S,L,452,Q,S:L452Q,,,0,0,0,0,0,0,0,0,0,0,0.03,0.07,0.1,0.3,0.3,0.2,1
S,G,842,G,S:G842G,,,,0,0,0.01,0.01,0.3,2,2,0.7,0.1,0.03,0.01,0,0,0,0,0
S,N,1119,N,S:N1119N,,,0.01,0.03,0.03,0.05,0.04,0.02,0.02,0.02,0.03,0.04,0.09,0.1,0.1,0.2,0.3,0.1,0
S,S,60,S,S:S60S,,,0.05,0.04,0.09,0.09,0.06,0.1,0.08,0.10,0.2,0.2,0.2,0.2,0.10,0.1,0.1,0.1,0
S,G,142,V,S:G142V,,,0,0.01,0.02,0.02,0.02,0.01,0.01,0.03,0.02,0.01,0.05,0.1,0.2,0.2,0.2,0.08,0
S,G,648,G,S:G648G,,,0.01,0,0.02,0.01,0.03,0,0,0,0.02,0.04,0.05,0.1,0.2,0.2,0.2,0.10,0
S,Y,28,Y,S:Y28Y,,0.2,0.02,0.05,0.1,0.1,0.3,0.6,0.07,0.07,0.09,0.1,0.1,0.09,0.1,0.1,0.2,0.04,0
S,D,936,N,S:D936N,,,0,0,0,0,0,0,0,0.01,0.06,0.1,0.1,0.07,0.08,0.2,0.3,0.3,0
S,V,1065,V,S:V1065V,,,0.02,0.01,0.04,0.10,0.08,0.02,0.05,0.05,0.1,0.1,0.2,0.3,0.1,0.09,0.1,0.1,0
S,S,1170,S,S:S1170S,,,,,,,,,,0,0,0,0.03,0.05,0.2,0.3,0.2,0.05,0
S,K,1073,N,S:K1073N,,0.09,0.02,0.1,0.2,0.06,0.02,0.2,0.5,0.6,0.4,0.2,0.1,0.1,0.09,0.05,0.05,0.04,0
S,Y,489,Y,S:Y489Y,,0.2,0,0.02,0.03,0.2,0.1,0.06,0.08,0.06,0.07,0.1,0.2,0.1,0.1,0.1,0.1,0.06,0
S,D,979,D,S:D979D,,,0.02,0.02,0.01,0.1,0.02,0.06,0.06,0.06,0.4,0.2,0.1,0.2,0.1,0.07,0.05,0.02,0
S,T,19,I,S:T19I,,,0.01,0,0.09,0.02,0.01,0,0.05,0.04,0.03,0.04,0.07,0.2,0.2,0.2,0.1,0.05,0
S,G,413,G,S:G413G,,,0.02,0.03,0.06,0.05,0.07,0.2,0.1,0.3,0.3,0.2,0.1,0.1,0.1,0.1,0.09,0.08,0
S,L,452,L,S:L452L,,,0.04,0.02,0.03,0.06,0.1,0.10,0.3,0.5,0.5,0.2,0.2,0.09,0.06,0.06,0.07,0.05,0
S,P,715,P,S:P715P,,0.8,0.4,0.2,0.3,0.2,0.5,0.7,0.4,0.3,0.2,0.1,0.09,0.07,0.04,0.07,0.05,0.03,0
S,P,812,L,S:P812L,,,0.02,0.08,0.08,0.10,0.1,0.05,0.1,0.1,0.2,0.2,0.2,0.2,0.08,0.1,0.1,0.05,0
S,N,679,K,S:N679K,,,0,0.02,0.03,0.01,0.02,0.03,0.03,0.03,0.1,0.4,0.2,0.2,0.1,0.05,0.04,0,0
S,S,254,F,S:S254F,0.4,0.4,0.1,0.08,0.06,0.04,0.2,0.1,0.05,0.04,0.2,0.2,0.2,0.1,0.1,0.09,0.1,0.05,0
S,S,256,L,S:S256L,,,0,0,0.02,0.03,0.04,0.06,0.07,0.4,0.5,0.3,0.2,0.08,0.05,0.06,0.06,0.03,0
S,K,558,N,S:K558N,,0.07,0.02,0.02,0.03,0,0.06,0.07,0.1,0.07,0.07,0.1,0.07,0.1,0.1,0.2,0.2,0.1,0
S,T,778,T,S:T778T,,,0.02,0.02,0.02,0.05,0.2,0.06,0.05,0.07,0.1,0.1,0.1,0.1,0.09,0.10,0.1,0.2,0
S,T,29,I,S:T29I,,0.1,0.06,0.2,0.1,0.2,0.08,0.2,0.2,0.2,0.1,0.2,0.2,0.1,0.08,0.09,0.10,0.03,0
S,T,33,I,S:T33I,,,0,0,0,0,0,0.05,0.07,0.06,0.04,0.03,0.03,0.06,0.09,0.2,0.3,0.06,0
S,H,1101,H,S:H1101H,,,0.03,0.05,0.07,0.05,0.2,0.04,0.04,0.09,0.1,0.1,0.1,0.2,0.1,0.09,0.2,0.03,0
S,V,951,V,S:V951V,,,,0,0,0,0,0,0.02,0,0.02,0.08,0.07,0.07,0.1,0.2,0.2,0.05,0
S,P,600,P,S:P600P,,,,0.03,0,0,0,0,0,0,0,0,0.02,0.02,0.2,0.2,0.2,0.10,0
S,T,859,I,S:T859I,,,0.02,0.2,0.05,0.09,0.08,0.10,0.2,0.09,0.2,0.3,0.2,0.1,0.10,0.06,0.03,0.03,0
S,V,70,I,S:V70I,,,,,,0,0,0,0,0.02,0,0.01,0.03,0.1,0.2,0.2,0.2,0.08,0
S,A,879,S,S:A879S,,,0.1,0.3,0.3,0.3,0.05,0.06,0.1,0.09,0.1,0.1,0.2,0.10,0.07,0.08,0.09,0.10,0
S,G,75,R,S:G75R,,,,0,0,0.01,0.04,0.02,0.08,0.04,0.5,0.3,0.4,0.10,0.04,0.02,0.01,0,0
S,V,395,V,S:V395V,0.3,0,0.01,0.02,0.03,0.10,0.1,0.1,0.1,0.2,0.2,0.1,0.1,0.1,0.1,0.10,0.07,0.04,0
S,Q,321,Q,S:Q321Q,,,0.02,0.04,0.2,0.06,0.09,0,0.02,0.04,0.03,0.07,0.1,0.1,0.1,0.1,0.2,0.06,0
S,T,618,T,S:T618T,,,0.02,0.01,0.03,0.06,0.2,0.06,0.07,0.03,0.06,0.08,0.1,0.07,0.07,0.1,0.2,0.1,0
S,V,367,F,S:V367F,1.0,0.1,0.05,0.04,0.08,0.07,0.04,0.2,0.1,0.06,0.1,0.2,0.2,0.1,0.10,0.07,0.05,0.02,0
S,V,952,V,S:V952V,,,0.02,0.02,0.01,0.02,0.02,0.05,0.03,0.04,0.04,0.06,0.2,0.2,0.1,0.1,0.09,0.07,0
S,V,213,V,S:V213V,,,0.03,0.02,0.06,0.05,0.01,0.03,0.05,0.3,0.2,0.3,0.2,0.2,0.08,0.04,0.03,0.02,0
S,F,541,F,S:F541F,,,0.09,0.3,0.4,0.3,0.1,0.2,0.5,0.08,0.04,0.06,0.1,0.10,0.09,0.05,0.08,0.03,0
S,V,143,F,S:V143F,,,0,0.01,0,0.03,0.04,0.04,0.02,0.2,0.5,0.5,0.2,0.05,0.04,0.03,0.02,0,0
S,,145,del,S:DEL145/146,,,,0.01,0,0,0,0,0,0.01,0,0,0.01,0.04,0.1,0.2,0.2,0.06,0
S,L,878,L,S:L878L,,,0.02,0,0,0,0,0,0,0,0.02,0.01,0.03,0.03,0.08,0.2,0.2,0.3,0
S,I,210,T,S:I210T,,,,0,0,0,0,0,0,0,0,0,0,0.03,0.08,0.2,0.3,0.3,0
S,N,148,N,S:N148N,,0.1,0,0,0,0,0.02,0.02,0.04,0.01,0.05,0.05,0.1,0.1,0.10,0.08,0.1,0.3,0
S,S,940,F,S:S940F,,0.3,0.03,0.03,0.07,0.04,0.06,0.04,0.02,0.05,0.05,0.07,0.07,0.2,0.1,0.1,0.1,0.03,0
S,N,343,N,S:N343N,,,0.03,0.03,0.01,0.3,0.04,0.08,0.06,0.10,0.1,0.07,0.1,0.1,0.09,0.1,0.09,0.04,0
S,D,848,D,S:D848D,,,,0,0,0,0.02,0,0.07,0.6,0.5,0.3,0.1,0.05,0.04,0.02,0.03,0.03,0
S,L,84,L,S:L84L,,,0,0.02,0.01,0.03,0.04,0.2,0.07,0.06,0.06,0.05,0.1,0.1,0.1,0.09,0.1,0.1,0
S,N,17,S,S:N17S,,,,,,,,,0.01,0,0,0,0,0.2,0.2,0.1,0.06,0.02,0
S,D,215,H,S:D215H,,0.06,0.02,0.01,0.01,0.1,0.03,0.02,0.4,0.4,0.6,0.2,0.08,0.05,0.03,0.04,0.04,0.03,0
S,T,284,I,S:T284I,,,,,0,0,0,0,0,0,0.01,0.01,0.01,0.09,0.2,0.1,0.1,0.07,0
S,D,796,Y,S:D796Y,,,0.01,0.03,0.04,0.03,0.01,0.03,0.04,0.05,0.10,0.1,0.1,0.2,0.09,0.06,0.06,0.06,1
S,Q,173,K,S:Q173K,,,,0,0,0.01,0,0.02,0.06,0.1,0.6,0.3,0.2,0.09,0.06,0.02,0.01,0,0
S,A,694,A,S:A694A,,,0.02,0,0,0.01,0,0.01,0.2,0.9,0.6,0.3,0.1,0.02,0,0,0.01,0,0
S,P,384,L,S:P384L,,,0.03,0.03,0.03,0.05,0.02,0.02,0.1,0.2,0.06,0.06,0.08,0.08,0.1,0.1,0.08,0.04,0
S,F,186,F,S:F186F,,,0.02,0.01,0.02,0,0.07,0.2,0.2,0.4,0.3,0.07,0.05,0.05,0.07,0.09,0.10,0.04,0
S,T,307,I,S:T307I,0.5,0.3,0.02,0.02,0.1,0.10,0.07,0.10,0.09,0.07,0.04,0.05,0.09,0.08,0.09,0.10,0.1,0.06,0
S,T,1117,I,S:T1117I,,,0.03,0.02,0.03,0.08,0.2,0.2,0.1,0.04,0.10,0.1,0.1,0.1,0.07,0.07,0.10,0.09,0
S,V,1122,L,S:V1122L,,,0.04,0.01,0.04,0.07,0.1,0.2,0.3,0.2,0.2,0.1,0.08,0.10,0.08,0.06,0.06,0.05,7
S,,247,del,S:DEL247/253,,,,,,,,,,,0,0,0,0.02,0.07,0.2,0.2,0.2,0
S,M,740,V,S:M740V,,,,,,,,,,,0.01,0.01,0.02,0.04,0.1,0.2,0.2,0.05,0
S,A,626,S,S:A626S,,0.09,0,0,0.02,0.03,0.09,0.7,0.7,0.5,0.3,0.09,0.05,0.05,0.03,0.02,0.02,0.01,0
S,P,26,L,S:P26L,,,0,0.04,0.07,0.1,0.2,0.2,0.2,0.1,0.10,0.08,0.09,0.1,0.09,0.06,0.06,0.02,0
S,P,9,L,S:P9L,,,0.01,0.02,0.01,0.03,0.02,0,0.02,0.01,0.02,0.02,0.05,0.07,0.1,0.1,0.2,0.08,0
S,R,346,K,S:R346K,,,,0,0.01,0.02,0,0,0.02,0.01,0.02,0.06,0.08,0.06,0.03,0.09,0.2,0.2,0
S,N,925,N,S:N925N,,0.1,0.01,0,0,0.03,0.03,0.05,0.08,0.1,0.1,0.1,0.2,0.09,0.07,0.07,0.05,0.06,0
S,Q,1071,L,S:Q1071L,,,,0.02,0,0.01,0,0.01,0.02,0.02,0.09,0.2,0.3,0.2,0.06,0.01,0,0,0
S,V,620,V,S:V620V,,,0.07,0.04,0.03,0.03,0.03,0.07,0.07,0.08,0.2,0.1,0.08,0.10,0.06,0.09,0.07,0.03,0
S,E,1202,Q,S:E1202Q,,,0.01,0.03,0.02,0.03,0.02,0.04,0.1,0.1,0.09,0.10,0.2,0.1,0.08,0.05,0.03,0.02,0
S,Y,453,F,S:Y453F,,,,0.09,0,0.4,0.07,0.2,0.3,0.6,0.9,0.05,0,0,0,0,0,0.01,0
S,P,897,P,S:P897P,,0.1,0,0,0,0.04,0.07,0.09,1,0.2,0.4,0.2,0.1,0.03,0,0,0,0,0
S,S,71,F,S:S71F,,1,0.03,0,0,0,0.02,0,0,0,0.01,0.04,0.06,0.08,0.1,0.1,0.09,0.05,0
S,T,51,I,S:T51I,,,0.02,0,0.03,0,0,0.1,0.1,0.04,0.1,0.07,0.1,0.2,0.05,0.02,0.03,0.2,0
S,S,116,S,S:S116S,,,0,0.02,0.02,0,0.02,0.06,0.04,0.07,0.1,0.2,0.1,0.1,0.06,0.03,0.06,0.09,0
S,V,70,V,S:V70V,,,0.02,0.10,0.1,0.2,0.1,0.06,0.1,0.1,0.1,0.1,0.1,0.1,0.04,0.04,0.03,0.02,0
S,R,346,S,S:R346S,,,,0.02,0,0,0,0.02,0,0,0,0,0,0,0.04,0.1,0.3,0.2,0
S,L,877,L,S:L877L,,,0.04,0.04,0.1,0.2,0.05,0.09,0.1,0.2,0.1,0.08,0.09,0.09,0.06,0.05,0.06,0.04,0
S,R,357,K,S:R357K,,0.08,0,0,0.04,0.1,0.02,0.1,0.04,0.2,0.2,0.2,0.3,0.06,0.01,0,0,0,0
S,D,1260,N,S:D1260N,,,0.01,0,0,0,0,0,0,0.01,0,0.02,0.03,0.03,0.09,0.2,0.1,0.03,0
S,A,27,V,S:A27V,,,0.04,0.04,0.02,0.02,0.07,0.01,0.04,0.04,0.04,0.2,0.07,0.07,0.09,0.09,0.08,0.04,0
S,D,1259,D,S:D1259D,,0.1,0.03,0.03,0.01,0.05,0,0.06,0.04,0.05,0.03,0.03,0.06,0.06,0.08,0.1,0.08,0.2,0
S,L,518,L,S:L518L,0.3,0.06,0.02,0.04,0.04,0.07,0.08,0.04,0.06,0.04,0.05,0.07,0.07,0.10,0.1,0.05,0.08,0.06,0
S,K,1073,T,S:K1073T,,,0.01,0,0,0,0,0,0,0,0.08,0.2,0.3,0.1,0.06,0.02,0.03,0.02,0
S,H,1101,D,S:H1101D,,,,,0,0,0,0,0,0,0,0,0,0.06,0.2,0.2,0.05,0,0
S,L,822,F,S:L822F,,,0.01,0.02,0.04,0.6,0.3,0.1,0.06,0.03,0.02,0.03,0.05,0.06,0.08,0.08,0.09,0.05,0
S,T,323,I,S:T323I,,,0.01,0.04,0.04,0.01,0.01,0.02,0.05,0.1,0.06,0.2,0.05,0.06,0.05,0.07,0.1,0.04,0
S,P,1057,P,S:P1057P,,,0,0,0.02,0,0,0,0,0.04,0.07,0.06,0.1,0.2,0.1,0.03,0.02,0,0
S,K,150,T,S:K150T,,,,0,0,0,0,0,0,0,0,0,0,0,0.05,0.2,0.2,0.05,0
S,D,427,N,S:D427N,,,,,,0,0,0,0,0,0,0,0,0.01,0.10,0.2,0.1,0.05,0
S,S,673,T,S:S673T,,,,0,0,0,0,0.1,0.09,0.2,0.3,0.4,0.1,0.07,0.01,0,0,0,0
S,Q,414,K,S:Q414K,,,0,0,0,0,0,0,0.02,0,0.01,0.02,0.05,0.1,0.2,0.08,0.04,0.01,0
S,A,845,A,S:A845A,,,,,0,0,0,0.07,0.07,0.02,0.04,0.2,0.2,0.1,0.09,0.03,0.01,0,0
S,I,68,I,S:I68I,,,,,,,,0.05,0,0,0,0,0.02,0.04,0.1,0.09,0.2,0.07,0
