gene	position	amino_acid	max_fold
S	214	ins	3.0
S	234	Q	13.0
S	242	del	3.2
S	243	del	3.2
S	244	del	3.2
S	337	H	7.5
S	337	L	192.0
S	337	R	276.0
S	337	T	10.6
S	339	D	4.0
S	340	A	100.0
S	340	G	27.0
S	340	K	9999.0
S	340	Q	50.0
S	340	V	200.0
S	346	K	2296.4
S	346	S	4752.9
S	356	T	5.9
S	371	L	239.8
S	373	P	10.0
S	377	K	304.0
S	406	D	51.0
S	406	W	108.2
S	417	E	182.0
S	417	N	9999.0
S	417	R	61.0
S	417	T	49.0
S	420	N	100.0
S	439	K	463.0
S	439	V	4.0
S	440	K	4752.9
S	444	L	153.0
S	444	M	1577.0
S	444	N	755.0
S	444	Q	1818.2
S	444	T	1033.0
S	445	A	1818.2
S	445	E	11.0
S	445	G	30.4
S	445	I	5.6
S	445	L	12.7
S	445	T	107.0
S	446	S	574.0
S	446	V	858.0
S	449	N	14.5
S	450	D	32.7
S	452	Q	5.8
S	452	R	1408.5
S	453	F	1298.7
S	455	F	1190.5
S	455	R	3349.0
S	456	A	14.9
S	456	K	32.6
S	456	R	381.7
S	456	V	182.5
S	460	K	100.0
S	460	S	100.0
S	460	T	1450.0
S	460	Y	100.0
S	475	R	381.7
S	475	V	70.8
S	476	D	4.0
S	476	S	7.6
S	477	N	3.4
S	478	K	5.7
S	483	A	48.0
S	484	A	3349.0
S	484	D	329.4
S	484	G	137.3
S	484	K	15282.5
S	484	Q	3349.0
S	485	D	5.0
S	486	K	937.5
S	486	L	61.7
S	486	R	1298.7
S	486	S	751.0
S	486	V	1190.5
S	487	R	1298.7
S	489	H	20.2
S	490	L	1408.5
S	490	S	485.0
S	493	E	446.0
S	493	K	3349.0
S	493	L	33.5
S	493	R	3349.0
S	494	P	137.3
S	494	R	1408.5
S	496	R	22.3
S	496	S	6.2
S	498	H	17.0
S	498	R	6.5
S	499	S	206.0
S	501	T	20.0
S	501	Y	11.9
S	505	H	7.2
S	655	Y	8.8
S	856	K	10.0
S	969	K	5.4
S	982	A	3.6
